<?xml version="1.0" encoding="UTF-8"?>
<project-private xmlns="http://www.netbeans.org/ns/project-private/1">
    <editor-bookmarks xmlns="http://www.netbeans.org/ns/editor-bookmarks/2" lastBookmarkId="0"/>
    <open-files xmlns="http://www.netbeans.org/ns/projectui-open-files/2">
        <group>
            <file>file:/C:/Users/aboos/Desktop/error_X1/src/error_x1/Error_X1.java</file>
            <file>file:/C:/Users/aboos/Desktop/error_X1/src/mp3player/Playlist.java</file>
            <file>file:/C:/Users/aboos/Desktop/error_X1/src/mp3player/playmp3.java</file>
        </group>
    </open-files>
</project-private>
